{
  "temperature": 0.0,
  "solar_radiation": 0.0,
  "pv_forecast": 0.0,
  "day_of_week": 0.0,
  "rolling_7d_usage": 4646.181618690491,
  "rolling_3d_usage": 54.50149917602539,
  "rolling_14d_usage": 170.10309982299805,
  "lag_7d_usage": 58.871299743652344,
  "peak_hour_sin": 11.156900405883789,
  "peak_hour_cos": 325.54639530181885,
  "temp_month": 134.34960174560547,
  "dow_pv": 105.13399982452393,
  "is_holiday": 0.0,
  "is_weekend": 0.0,
  "building_DE_KN_industrial3": 32.24470138549805,
  "building_DE_KN_residential1": 765.6220092773438,
  "building_DE_KN_residential2": 170.01300048828125,
  "building_DE_KN_residential3": 0.0,
  "building_DE_KN_residential4": 457.3606948852539,
  "building_DE_KN_residential5": 0.0,
  "building_DE_KN_residential6": 11.416999816894531,
  "device_type_2": 0.0,
  "device_type_3": 0.0,
  "device_type_4": 55.815799713134766,
  "device_type_5": 185.26699829101562,
  "device_type_aggregate": 0.0,
  "device_type_charge": 0.0,
  "device_type_compressor": 0.0,
  "device_type_decharge": 0.0,
  "device_type_dishwasher": 592.4990234375,
  "device_type_ev": 23.555400848388672,
  "device_type_freezer": 0.0,
  "device_type_offices": 0.0,
  "device_type_pump": 0.0,
  "device_type_pumps": 0.0,
  "device_type_refrigerator": 0.0,
  "device_type_ventilation": 0.0,
  "device_type_washing_machine": 0.0
}