Building,Num_Devices,Days_Analyzed,Avg_Consumption_kWh,Avg_PV_kWh,Avg_Baseline_Cost_EUR,Avg_Baseline_PV_Util_PCT,Avg_Dec_Savings_PCT,Avg_Cent_Savings_PCT,Avg_Dec_PV_Improvement_PP,Avg_Cent_PV_Improvement_PP
DE_KN_residential1,4,10,16.025900000000057,26.132800000000135,-0.15399035670000086,29.213082618937126,-73.90682864087827,198.78235563444372,-7.095806613169128,-9.252295621274794
DE_KN_residential3,5,10,10.278500000000005,23.520699999999987,-0.30314591490000076,31.069885049783455,-27.354156241639146,35.421906159552904,-6.814176444111266,-15.400002112736724
DE_KN_residential4,6,10,11.404899999999996,24.892499999999927,-0.2559989125000031,36.03943190929209,146.66145035338798,144.32705845700565,-31.116585419447045,-30.57224693263194
DE_KN_residential6,4,10,1.9514999999999874,47.86199999999985,-1.2596913208999956,3.1254198118719527,-1.1491435071653584,1.5885345096393888,0.20337705530425132,-2.4634916648602005
