{
  "dishwasher": [
    0.0,
    0.0,
    0.0,
    0.0,
    0.0,
    0.0,
    0.0,
    0.0,
    0.0,
    0.0,
    0.0,
    0.0,
    0.35,
    0.25,
    0.2,
    0.0,
    0.0,
    0.0,
    0.0,
    0.0,
    0.0,
    0.0,
    0.0,
    0.0
  ],
  "battery_soc": [
    0.8844401501987855,
    0.7769474616371159,
    0.7226749232657135,
    0.6016978669941071,
    0.5107303348765684,
    0.764467721835947,
    0.7500893417630328,
    0.38842479169125166,
    0.5035648059778363,
    0.8320002272116198,
    0.6730787234914412,
    0.3829162458799644,
    0.4903604507526129,
    0.7469199780280742,
    0.6775681027755168,
    0.774801297533656,
    0.5390146585149174,
    0.347194443517071,
    0.525085156720263,
    0.6364854371185167,
    0.5224248264260829,
    0.4935563836458633,
    0.8032088418755581,
    0.45595475286315035
  ]
}