{
  "washing_machine": [
    0.0,
    0.0,
    0.0,
    0.0,
    0.0,
    0.0,
    0.0,
    0.0,
    0.0,
    0.0,
    0.0,
    0.0,
    0.0,
    0.0,
    0.0,
    0.0,
    0.0,
    0.0,
    0.0,
    0.6,
    0.8,
    0.0,
    0.0,
    0.0
  ],
  "dishwasher": [
    0.0,
    0.0,
    0.0,
    0.0,
    0.0,
    0.0,
    0.0,
    0.0,
    0.0,
    0.35,
    0.25,
    0.2,
    0.0,
    0.0,
    0.0,
    0.0,
    0.0,
    0.0,
    0.0,
    0.0,
    0.0,
    0.0,
    0.0,
    0.0
  ],
  "heat_pump": [
    0.0,
    0.0,
    0.0,
    0.0,
    0.0,
    0.0,
    0.0,
    0.0,
    2.8,
    2.8,
    3.0,
    3.0,
    2.8,
    2.8,
    0.0,
    0.0,
    0.0,
    0.0,
    0.0,
    0.0,
    0.0,
    0.0,
    0.0,
    0.0
  ],
  "battery_soc": [
    0.4896158388520593,
    0.3819902081549131,
    0.7570937990253188,
    0.48852328637251974,
    0.616722690651136,
    0.4070729177219304,
    0.88118775538088,
    0.4760880385281886,
    0.8091627366267162,
    0.860384240972516,
    0.34657832382190473,
    0.48888590508293717,
    0.8862491177087648,
    0.4667251405085654,
    0.6015818185152171,
    0.6628225066468505,
    0.3402594897298744,
    0.7487686980876438,
    0.4920390412973279,
    0.780555011982818,
    0.5471977840530493,
    0.3339890835191628,
    0.8808533119609514,
    0.743302533660824
  ]
}