{
  "dishwasher": [
    0.0,
    0.0,
    0.0,
    0.0,
    0.0,
    0.0,
    0.0,
    0.0,
    0.0,
    0.0,
    0.0,
    0.0,
    0.0,
    0.35,
    0.25,
    0.2,
    0.0,
    0.0,
    0.0,
    0.0,
    0.0,
    0.0,
    0.0,
    0.0
  ],
  "battery_soc": [
    0.5205132721254215,
    0.8773491107716864,
    0.3367925807281887,
    0.6803785712942707,
    0.38940598274561233,
    0.5718489071765971,
    0.7553952114195046,
    0.39200244450254107,
    0.6912956009658133,
    0.8682683126875375,
    0.8272921452342821,
    0.8010741422307794,
    0.46816957636004,
    0.6442705502206376,
    0.43150615113154633,
    0.45756704424747024,
    0.8169913115413758,
    0.7092844026281322,
    0.6774398038883677,
    0.667129481357907,
    0.5215678907058429,
    0.729999946299435,
    0.6272360872581967,
    0.6270583358841713
  ]
}