{
  "dishwasher": [
    0.0,
    0.0,
    0.0,
    0.0,
    0.0,
    0.0,
    0.0,
    0.0,
    0.0,
    0.0,
    0.0,
    0.0,
    0.0,
    0.0,
    0.35,
    0.25,
    0.2,
    0.0,
    0.0,
    0.0,
    0.0,
    0.0,
    0.0,
    0.0
  ],
  "washing_machine": [
    0.0,
    0.0,
    0.0,
    0.0,
    0.0,
    0.0,
    0.0,
    0.0,
    0.0,
    0.0,
    0.0,
    0.0,
    0.0,
    0.0,
    0.0,
    0.0,
    0.0,
    0.0,
    0.0,
    0.0,
    0.6,
    0.8,
    0.0,
    0.0
  ],
  "battery_soc": [
    0.893655554952806,
    0.8738985355727009,
    0.5137322125536872,
    0.8428693012005808,
    0.7772695487807781,
    0.5223544640922203,
    0.7327105838099979,
    0.43393057677530633,
    0.6627691588034388,
    0.8491017571706094,
    0.7651659935867907,
    0.7213744011396717,
    0.5455192800683567,
    0.6459018768361474,
    0.624687499277844,
    0.7211060407254273,
    0.8564692590711829,
    0.8077766299308673,
    0.7699245053022313,
    0.5029513563058189,
    0.5139334777604918,
    0.8479906660485199,
    0.7431260308918998,
    0.8672876170494712
  ]
}