{
  "devices": {
    "dishwasher": [
      0.0,
      0.0,
      0.0,
      0.0,
      0.0,
      0.0,
      0.0,
      0.0,
      0.0,
      0.0,
      0.0,
      0.0,
      0.0,
      0.35,
      0.25,
      0.2,
      0.0,
      0.0,
      0.0,
      0.0,
      0.0,
      0.0,
      0.0,
      0.0
    ],
    "battery_soc": [
      0.42032285036481454,
      0.40526978395153923,
      0.306269363955796,
      0.694103309482843,
      0.696135839022192,
      0.7014153535609872,
      0.8909455911428354,
      0.6237579431873164,
      0.7937441670197427,
      0.5659894931226463,
      0.7004803105081081,
      0.49382039859024696,
      0.6295530718297476,
      0.4780778763416601,
      0.5864452513121741,
      0.37712574629315676,
      0.3465247964284981,
      0.7688724108522946,
      0.6561117393232747,
      0.8937760210503134,
      0.6806785284606538,
      0.6210163758840388,
      0.8456680290727556,
      0.5076162049959316
    ]
  },
  "price_curve": [
    0.1300536717536941,
    0.13403619138800665,
    0.17221616048593236,
    0.1205569856849108,
    0.1431553120709188,
    0.13750138651898447,
    0.2216230921437505,
    0.26557525853415137,
    0.2238066330711054,
    0.2382815317891352,
    0.2345171725355443,
    0.28710135321072416,
    0.29422259583191873,
    0.26065628382968586,
    0.2615657001825273,
    0.22483505596974052,
    0.2855092975130934,
    0.298950555285736,
    0.38687526008803236,
    0.35834143294051074,
    0.4292147030459462,
    0.3808468047773777,
    0.2919326758083012,
    0.2716422111363714
  ]
}