{
  "washing_machine": [
    0.0,
    0.0,
    0.0,
    0.0,
    0.0,
    0.0,
    0.0,
    0.0,
    0.0,
    0.0,
    0.0,
    0.0,
    0.0,
    0.0,
    0.0,
    0.6,
    0.8,
    0.0,
    0.0,
    0.0,
    0.0,
    0.0,
    0.0,
    0.0
  ],
  "dishwasher": [
    0.0,
    0.0,
    0.0,
    0.0,
    0.0,
    0.0,
    0.0,
    0.0,
    0.0,
    0.0,
    0.0,
    0.35,
    0.25,
    0.2,
    0.0,
    0.0,
    0.0,
    0.0,
    0.0,
    0.0,
    0.0,
    0.0,
    0.0,
    0.0
  ],
  "battery_soc": [
    0.681091152443648,
    0.6180012640151146,
    0.4079951988855041,
    0.8771315418346552,
    0.34848198027231836,
    0.45930209457971466,
    0.4913816107250668,
    0.8514665086567506,
    0.7711957622438235,
    0.3995383804726739,
    0.8397540017946201,
    0.8294817975153206,
    0.6138827027304521,
    0.4512070506940371,
    0.49744588346077134,
    0.5871752839356226,
    0.3352220670673791,
    0.874106712248496,
    0.5513838817148471,
    0.648519679946642,
    0.32335514106235713,
    0.4508655950907737,
    0.7604691916204771,
    0.8007211536336873
  ]
}