building_id,with_battery_total_savings,no_battery_total_savings
DE_KN_industrial3,66.89673355903086,66.77299171457857
DE_KN_residential1,0.16933055999999938,34.61943760000005
DE_KN_residential2,0.39671688999999505,2.5553168900000047
DE_KN_residential3,0.11699303590000598,1.0870579266999907
DE_KN_residential4,1.2749020479666149,21.096100579999916
DE_KN_residential5,0.92661573,0.92661573
DE_KN_residential6,-3.5627951466667214,-3.1477368300000617
