{
  "temperature": 0.0,
  "solar_radiation": 0.0,
  "pv_forecast": 0.0,
  "day_of_week": 0.0,
  "rolling_7d_usage": 9998.486804962158,
  "rolling_3d_usage": 135.29600143432617,
  "rolling_14d_usage": 385.28679180145264,
  "lag_7d_usage": 49.51780033111572,
  "peak_hour_sin": 71.75219917297363,
  "peak_hour_cos": 694.10631275177,
  "temp_month": 196.36510276794434,
  "dow_pv": 289.250599861145,
  "is_holiday": 0.0,
  "is_weekend": 0.0,
  "building_DE_KN_industrial3": 31.177600860595703,
  "building_DE_KN_residential1": 1405.0449829101562,
  "building_DE_KN_residential2": 312.5719909667969,
  "building_DE_KN_residential3": 0.0,
  "building_DE_KN_residential4": 834.3048877716064,
  "building_DE_KN_residential5": 0.0,
  "building_DE_KN_residential6": 38.26650047302246,
  "building_house2": 0.0,
  "building_house3": 0.0,
  "building_house4": 0.0,
  "building_house5": 0.0,
  "device_type_2": 0.0,
  "device_type_3": 0.0,
  "device_type_4": 107.88890075683594,
  "device_type_5": 338.69700622558594,
  "device_type_aggregate": 0.0,
  "device_type_charge": 320.4429931640625,
  "device_type_compressor": 0.0,
  "device_type_decharge": 0.0,
  "device_type_dishwasher": 931.2489929199219,
  "device_type_ev": 0.0,
  "device_type_freezer": 0.0,
  "device_type_offices": 0.0,
  "device_type_pump": 0.0,
  "device_type_pumps": 0.0,
  "device_type_refrigerator": 0.0,
  "device_type_ventilation": 0.0,
  "device_type_washing_machine": 0.0
}