{
  "devices": {
    "dishwasher": [
      0.0,
      0.0,
      0.0,
      0.0,
      0.0,
      0.0,
      0.0,
      0.0,
      0.0,
      0.0,
      0.0,
      0.0,
      0.0,
      0.0,
      0.35,
      0.25,
      0.2,
      0.0,
      0.0,
      0.0,
      0.0,
      0.0,
      0.0,
      0.0
    ],
    "washing_machine": [
      0.0,
      0.0,
      0.0,
      0.0,
      0.0,
      0.0,
      0.0,
      0.0,
      0.0,
      0.0,
      0.0,
      0.0,
      0.0,
      0.0,
      0.0,
      0.0,
      0.6,
      0.8,
      0.0,
      0.0,
      0.0,
      0.0,
      0.0,
      0.0
    ],
    "water_heater": [
      0.0,
      0.0,
      0.0,
      0.0,
      0.0,
      0.0,
      0.0,
      0.0,
      0.0,
      0.0,
      3.0,
      3.0,
      3.0,
      0.0,
      0.0,
      0.0,
      0.0,
      0.0,
      0.0,
      0.0,
      0.0,
      0.0,
      0.0,
      0.0
    ],
    "battery_soc": [
      0.40195128675878034,
      0.6066580933414158,
      0.6852034322857178,
      0.8733777753535246,
      0.3568894360395292,
      0.8501085874441312,
      0.7888572208923456,
      0.7447334518555444,
      0.7843512480317529,
      0.42253603361386205,
      0.8305612938559772,
      0.8887008425369902,
      0.5601974166650857,
      0.7404845787551274,
      0.5039400630064461,
      0.4595569373864228,
      0.561958447454534,
      0.38923223880858954,
      0.4825527178575729,
      0.8040524597263272,
      0.35183571159729043,
      0.8895339435760097,
      0.4091301258099085,
      0.8624690631705838
    ]
  },
  "price_curve": [
    0.15783137641412395,
    0.12429525296813826,
    0.1586605124588334,
    0.17241813130372566,
    0.17281981576666422,
    0.12341508313968,
    0.28975647082685446,
    0.27638339768831843,
    0.28866245774001553,
    0.22120853831163428,
    0.24229795660965614,
    0.26948648459160707,
    0.263773133882514,
    0.26044346284239983,
    0.2815298768201516,
    0.25928193900351665,
    0.22293715008702708,
    0.25630504280181987,
    0.3531889735167814,
    0.37510368401934274,
    0.3438860091001985,
    0.3358898994585895,
    0.2273013452027688,
    0.23025500623523412
  ]
}